datum;protjecaj;
01.01.2009;32,7;
02.01.2009;32,2;
03.01.2009;30,1;
04.01.2009;28,6;
05.01.2009;27,4;
06.01.2009;26,2;
07.01.2009;24,9;
08.01.2009;24,6;
09.01.2009;22,7;
10.01.2009;21,4;
11.01.2009;20,6;
12.01.2009;19,9;
13.01.2009;19,6;
14.01.2009;19,6;
15.01.2009;20,2;
16.01.2009;19,5;
17.01.2009;18,3;
18.01.2009;18,8;
19.01.2009;125;
20.01.2009;246;
21.01.2009;285;
22.01.2009;421;
23.01.2009;265;
24.01.2009;157;
25.01.2009;112;
26.01.2009;91,2;
27.01.2009;102;
28.01.2009;138;
29.01.2009;110;
30.01.2009;89,7;
31.01.2009;75,9;
01.02.2009;65,8;
02.02.2009;57,6;
03.02.2009;54,3;
04.02.2009;115;
05.02.2009;210;
06.02.2009;423;
07.02.2009;404;
08.02.2009;520;
09.02.2009;329;
10.02.2009;199;
11.02.2009;229;
12.02.2009;170;
13.02.2009;116;
14.02.2009;86,4;
15.02.2009;69,6;
16.02.2009;57,8;
17.02.2009;50,9;
18.02.2009;46,9;
19.02.2009;41,5;
20.02.2009;37,5;
21.02.2009;34,7;
22.02.2009;32,6;
23.02.2009;31,1;
24.02.2009;29,6;
25.02.2009;27,9;
26.02.2009;26,1;
27.02.2009;25,6;
28.02.2009;25,2;
01.03.2009;24,3;
02.03.2009;24,8;
03.03.2009;27,9;
04.03.2009;41,7;
05.03.2009;116;
06.03.2009;292;
07.03.2009;177;
08.03.2009;105;
09.03.2009;77,6;
10.03.2009;65,3;
11.03.2009;56,1;
12.03.2009;51,1;
13.03.2009;46,8;
14.03.2009;42,8;
15.03.2009;39,1;
16.03.2009;36,5;
17.03.2009;35,3;
18.03.2009;34,7;
19.03.2009;33,2;
20.03.2009;31,7;
21.03.2009;29,5;
22.03.2009;27,7;
23.03.2009;26,3;
24.03.2009;27,2;
25.03.2009;29,1;
26.03.2009;27,6;
27.03.2009;27,9;
28.03.2009;34,3;
29.03.2009;56,9;
30.03.2009;584;
31.03.2009;402;
01.04.2009;223;
02.04.2009;242;
03.04.2009;615;
04.04.2009;306;
05.04.2009;181;
06.04.2009;137;
07.04.2009;108;
08.04.2009;85,9;
09.04.2009;71,1;
10.04.2009;61,3;
11.04.2009;54,1;
12.04.2009;48,6;
13.04.2009;44,6;
14.04.2009;41,6;
15.04.2009;38,7;
16.04.2009;35,8;
17.04.2009;33,2;
18.04.2009;33,8;
19.04.2009;32,3;
20.04.2009;30,9;
21.04.2009;32,4;
22.04.2009;52,9;
23.04.2009;50,9;
24.04.2009;93,9;
25.04.2009;109;
26.04.2009;71,7;
27.04.2009;54,3;
28.04.2009;46,1;
29.04.2009;63,1;
30.04.2009;113;
01.05.2009;107;
02.05.2009;91,8;
03.05.2009;65,9;
04.05.2009;61,8;
05.05.2009;55,1;
06.05.2009;46,3;
07.05.2009;39,6;
08.05.2009;34,5;
09.05.2009;31,2;
10.05.2009;28,6;
11.05.2009;26,5;
12.05.2009;24,7;
13.05.2009;23,8;
14.05.2009;22,4;
15.05.2009;21,7;
16.05.2009;21,0;
17.05.2009;19,7;
18.05.2009;18,8;
19.05.2009;17,9;
20.05.2009;17,9;
21.05.2009;17,6;
22.05.2009;16,6;
23.05.2009;16,6;
24.05.2009;16,7;
25.05.2009;16,3;
26.05.2009;15,9;
27.05.2009;15,3;
28.05.2009;14,9;
29.05.2009;14,7;
30.05.2009;14,6;
31.05.2009;17,5;
01.06.2009;15,6;
02.06.2009;13,8;
03.06.2009;13,0;
04.06.2009;13,8;
05.06.2009;15,6;
06.06.2009;15,5;
07.06.2009;13,8;
08.06.2009;21,9;
09.06.2009;28,9;
10.06.2009;21,5;
11.06.2009;17,4;
12.06.2009;14,7;
13.06.2009;14,0;
14.06.2009;12,9;
15.06.2009;12,2;
16.06.2009;11,7;
17.06.2009;11,2;
18.06.2009;11,2;
19.06.2009;10,8;
20.06.2009;11,5;
21.06.2009;15,2;
22.06.2009;17,4;
23.06.2009;14,2;
24.06.2009;13,9;
25.06.2009;13,7;
26.06.2009;14,3;
27.06.2009;13,8;
28.06.2009;15,0;
29.06.2009;18,9;
30.06.2009;21,0;
01.07.2009;19,3;
02.07.2009;17,4;
03.07.2009;18,1;
04.07.2009;16,7;
05.07.2009;15,4;
06.07.2009;15,5;
07.07.2009;16,0;
08.07.2009;34,0;
09.07.2009;81,7;
10.07.2009;48,5;
11.07.2009;32,7;
12.07.2009;25,6;
13.07.2009;21,2;
14.07.2009;18,6;
15.07.2009;16,7;
16.07.2009;15,4;
17.07.2009;14,5;
18.07.2009;14,2;
19.07.2009;15,3;
20.07.2009;20,8;
21.07.2009;17,1;
22.07.2009;15,1;
23.07.2009;13,5;
24.07.2009;12,6;
25.07.2009;11,9;
26.07.2009;11,7;
27.07.2009;11,2;
28.07.2009;10,9;
29.07.2009;10,7;
30.07.2009;10,6;
31.07.2009;10,4;
01.08.2009;10,1;
02.08.2009;10,0;
03.08.2009;9,53;
04.08.2009;11,9;
05.08.2009;12,0;
06.08.2009;11,9;
07.08.2009;11,1;
08.08.2009;10,7;
09.08.2009;10,3;
10.08.2009;9,90;
11.08.2009;10,5;
12.08.2009;9,86;
13.08.2009;9,53;
14.08.2009;9,66;
15.08.2009;9,55;
16.08.2009;9,33;
17.08.2009;9,42;
18.08.2009;8,53;
19.08.2009;7,56;
20.08.2009;7,16;
21.08.2009;7,04;
22.08.2009;6,82;
23.08.2009;8,23;
24.08.2009;7,16;
25.08.2009;7,68;
26.08.2009;7,06;
27.08.2009;6,86;
28.08.2009;6,88;
29.08.2009;7,19;
30.08.2009;8,08;
31.08.2009;7,47;
01.09.2009;7,83;
02.09.2009;7,39;
03.09.2009;6,98;
04.09.2009;6,94;
05.09.2009;7,29;
06.09.2009;18,3;
07.09.2009;15,1;
08.09.2009;11,7;
09.09.2009;9,86;
10.09.2009;8,91;
11.09.2009;8,44;
12.09.2009;8,21;
13.09.2009;7,21;
14.09.2009;7,68;
15.09.2009;7,87;
16.09.2009;7,76;
17.09.2009;7,93;
18.09.2009;26,5;
19.09.2009;19,8;
20.09.2009;14,3;
21.09.2009;11,7;
22.09.2009;10,3;
23.09.2009;9,31;
24.09.2009;8,55;
25.09.2009;8,29;
26.09.2009;8,04;
27.09.2009;7,83;
28.09.2009;7,62;
29.09.2009;7,56;
30.09.2009;7,49;
01.10.2009;7,27;
02.10.2009;9,00;
03.10.2009;8,50;
04.10.2009;8,18;
05.10.2009;7,66;
06.10.2009;7,37;
07.10.2009;7,00;
08.10.2009;6,70;
09.10.2009;6,68;
10.10.2009;6,58;
11.10.2009;6,58;
12.10.2009;7,82;
13.10.2009;11,9;
14.10.2009;17,4;
15.10.2009;12,5;
16.10.2009;10,3;
17.10.2009;9,24;
18.10.2009;8,44;
19.10.2009;8,06;
20.10.2009;7,66;
21.10.2009;7,31;
22.10.2009;7,12;
23.10.2009;17,4;
24.10.2009;89,0;
25.10.2009;73,5;
26.10.2009;36,3;
27.10.2009;23,9;
28.10.2009;18,2;
29.10.2009;15,3;
30.10.2009;13,5;
31.10.2009;12,1;
01.11.2009;11,1;
02.11.2009;11,8;
03.11.2009;16,4;
04.11.2009;21,4;
05.11.2009;64,7;
06.11.2009;106;
07.11.2009;131;
08.11.2009;88,8;
09.11.2009;84,4;
10.11.2009;83,7;
11.11.2009;62,5;
12.11.2009;47,1;
13.11.2009;35,1;
14.11.2009;28,4;
15.11.2009;27,9;
16.11.2009;27,4;
17.11.2009;52,9;
18.11.2009;36,6;
19.11.2009;27,5;
20.11.2009;22,2;
21.11.2009;19,5;
22.11.2009;17,6;
23.11.2009;16,3;
24.11.2009;32,8;
25.11.2009;28,9;
26.11.2009;21,9;
27.11.2009;20,4;
28.11.2009;61,9;
29.11.2009;97,5;
30.11.2009;60,3;
01.12.2009;79,5;
02.12.2009;129;
03.12.2009;71,9;
04.12.2009;48,6;
05.12.2009;40,6;
06.12.2009;39,4;
07.12.2009;33,6;
08.12.2009;31,7;
09.12.2009;364;
10.12.2009;193;
11.12.2009;109;
12.12.2009;72,4;
13.12.2009;53,4;
14.12.2009;42,9;
15.12.2009;35,7;
16.12.2009;31,3;
17.12.2009;30,1;
18.12.2009;29,3;
19.12.2009;28,4;
20.12.2009;26,2;
21.12.2009;24,5;
22.12.2009;28,2;
23.12.2009;554;
24.12.2009;763;
25.12.2009;519;
26.12.2009;541;
27.12.2009;274;
28.12.2009;218;
29.12.2009;166;
30.12.2009;146;
31.12.2009;276;
01.01.2010;305;
02.01.2010;350;
03.01.2010;267;
04.01.2010;165;
05.01.2010;115;
06.01.2010;89,8;
07.01.2010;73,9;
08.01.2010;63,5;
09.01.2010;67,8;
10.01.2010;72,2;
11.01.2010;71,6;
12.01.2010;68,1;
13.01.2010;62,0;
14.01.2010;56,7;
15.01.2010;51,8;
16.01.2010;47,1;
17.01.2010;44,4;
18.01.2010;42,6;
19.01.2010;40,2;
20.01.2010;39,3;
21.01.2010;38,3;
22.01.2010;36,1;
23.01.2010;33,4;
24.01.2010;31,5;
25.01.2010;29,8;
26.01.2010;28,2;
27.01.2010;26,8;
28.01.2010;26,1;
29.01.2010;26,3;
30.01.2010;26,8;
31.01.2010;37,4;
01.02.2010;35,2;
02.02.2010;30,1;
03.02.2010;28,0;
04.02.2010;28,1;
05.02.2010;36,6;
06.02.2010;129;
07.02.2010;116;
08.02.2010;80,4;
09.02.2010;64,8;
10.02.2010;57,1;
11.02.2010;52,9;
12.02.2010;46,2;
13.02.2010;41,8;
14.02.2010;39,4;
15.02.2010;37,9;
16.02.2010;36,9;
17.02.2010;35,9;
18.02.2010;38,5;
19.02.2010;89,7;
20.02.2010;460;
21.02.2010;505;
22.02.2010;243;
23.02.2010;225;
24.02.2010;270;
25.02.2010;242;
26.02.2010;217;
27.02.2010;473;
28.02.2010;288;
01.03.2010;242;
02.03.2010;264;
03.03.2010;167;
04.03.2010;125;
05.03.2010;110;
06.03.2010;89,4;
07.03.2010;75,0;
08.03.2010;64,0;
09.03.2010;58,1;
10.03.2010;54,0;
11.03.2010;48,9;
12.03.2010;44,7;
13.03.2010;41,8;
14.03.2010;42,6;
15.03.2010;50,4;
16.03.2010;59,7;
17.03.2010;63,4;
18.03.2010;76,1;
19.03.2010;118;
20.03.2010;136;
21.03.2010;163;
22.03.2010;204;
23.03.2010;206;
24.03.2010;151;
25.03.2010;121;
26.03.2010;115;
27.03.2010;131;
28.03.2010;118;
29.03.2010;87,8;
30.03.2010;78,3;
31.03.2010;86,6;
01.04.2010;115;
02.04.2010;102;
03.04.2010;81,0;
04.04.2010;66,5;
05.04.2010;167;
06.04.2010;311;
07.04.2010;156;
08.04.2010;111;
09.04.2010;86,8;
10.04.2010;74,8;
11.04.2010;67,2;
12.04.2010;61,3;
13.04.2010;61,4;
14.04.2010;65,6;
15.04.2010;66,5;
16.04.2010;59,4;
17.04.2010;53,8;
18.04.2010;51,3;
19.04.2010;50,6;
20.04.2010;48,6;
21.04.2010;45,7;
22.04.2010;43,5;
23.04.2010;41,2;
24.04.2010;37,9;
25.04.2010;36,7;
26.04.2010;35,3;
27.04.2010;34,8;
28.04.2010;33,5;
29.04.2010;31,5;
30.04.2010;29,7;
01.05.2010;28,5;
02.05.2010;27,6;
03.05.2010;26,4;
04.05.2010;39,9;
05.05.2010;36,9;
06.05.2010;33,8;
07.05.2010;41,3;
08.05.2010;42,1;
09.05.2010;36,3;
10.05.2010;33,6;
11.05.2010;33,1;
12.05.2010;33,6;
13.05.2010;32,9;
14.05.2010;34,0;
15.05.2010;55,4;
16.05.2010;215;
17.05.2010;132;
18.05.2010;75,2;
19.05.2010;53,6;
20.05.2010;43,1;
21.05.2010;42,2;
22.05.2010;68,0;
23.05.2010;61,1;
24.05.2010;51,7;
25.05.2010;42,6;
26.05.2010;36,2;
27.05.2010;31,7;
28.05.2010;28,9;
29.05.2010;26,9;
30.05.2010;25,4;
31.05.2010;145;
01.06.2010;454;
02.06.2010;163;
03.06.2010;111;
04.06.2010;83,2;
05.06.2010;67,0;
06.06.2010;56,1;
07.06.2010;47,6;
08.06.2010;41,0;
09.06.2010;35,5;
10.06.2010;31,6;
11.06.2010;28,4;
12.06.2010;26,1;
13.06.2010;24,1;
14.06.2010;22,3;
15.06.2010;20,9;
16.06.2010;24,6;
17.06.2010;31,6;
18.06.2010;27,3;
19.06.2010;24,1;
20.06.2010;42,8;
21.06.2010;192;
22.06.2010;222;
23.06.2010;110;
24.06.2010;66,4;
25.06.2010;47,7;
26.06.2010;39,6;
27.06.2010;35,8;
28.06.2010;30,9;
29.06.2010;27,2;
30.06.2010;24,9;
01.07.2010;23,1;
02.07.2010;21,3;
03.07.2010;20,0;
04.07.2010;18,7;
05.07.2010;19,0;
06.07.2010;20,2;
07.07.2010;17,9;
08.07.2010;17,2;
09.07.2010;15,8;
10.07.2010;15,0;
11.07.2010;14,4;
12.07.2010;13,8;
13.07.2010;13,4;
14.07.2010;13,0;
15.07.2010;12,9;
16.07.2010;12,4;
17.07.2010;12,1;
18.07.2010;12,2;
19.07.2010;11,7;
20.07.2010;11,0;
21.07.2010;10,8;
22.07.2010;10,4;
23.07.2010;10,1;
24.07.2010;11,0;
25.07.2010;12,5;
26.07.2010;12,1;
27.07.2010;11,0;
28.07.2010;10,1;
29.07.2010;9,95;
30.07.2010;12,9;
31.07.2010;20,5;
01.08.2010;28,4;
02.08.2010;20,5;
03.08.2010;16,0;
04.08.2010;14,9;
05.08.2010;14,0;
06.08.2010;15,7;
07.08.2010;24,5;
08.08.2010;19,7;
09.08.2010;16,2;
10.08.2010;13,0;
11.08.2010;11,7;
12.08.2010;10,9;
13.08.2010;10,3;
14.08.2010;10,2;
15.08.2010;10,9;
16.08.2010;11,8;
17.08.2010;13,3;
18.08.2010;11,3;
19.08.2010;10,2;
20.08.2010;9,62;
21.08.2010;9,20;
22.08.2010;8,73;
23.08.2010;8,29;
24.08.2010;8,05;
25.08.2010;8,00;
26.08.2010;7,88;
27.08.2010;7,59;
28.08.2010;7,94;
29.08.2010;12,0;
30.08.2010;18,6;
31.08.2010;16,2;
01.09.2010;16,6;
02.09.2010;13,2;
03.09.2010;11,0;
04.09.2010;9,98;
05.09.2010;10,2;
06.09.2010;11,9;
07.09.2010;11,1;
08.09.2010;10,5;
09.09.2010;37,9;
10.09.2010;77,5;
11.09.2010;47,0;
12.09.2010;31,8;
13.09.2010;23,8;
14.09.2010;18,9;
15.09.2010;16,2;
16.09.2010;14,5;
17.09.2010;13,8;
18.09.2010;349;
19.09.2010;826;
20.09.2010;534;
21.09.2010;226;
22.09.2010;141;
23.09.2010;107;
24.09.2010;82,4;
25.09.2010;71,3;
26.09.2010;155;
27.09.2010;189;
28.09.2010;179;
29.09.2010;136;
30.09.2010;92,0;
01.10.2010;68,1;
02.10.2010;55,2;
03.10.2010;46,0;
04.10.2010;39,9;
05.10.2010;36,7;
06.10.2010;139;
07.10.2010;119;
08.10.2010;89,1;
09.10.2010;70,4;
10.10.2010;56,9;
11.10.2010;48,3;
12.10.2010;41,5;
13.10.2010;36,3;
14.10.2010;32,5;
15.10.2010;29,9;
16.10.2010;27,9;
17.10.2010;28,0;
18.10.2010;105;
19.10.2010;138;
20.10.2010;138;
21.10.2010;93,2;
22.10.2010;72,1;
23.10.2010;58,5;
24.10.2010;50,1;
25.10.2010;144;
26.10.2010;179;
27.10.2010;178;
28.10.2010;116;
29.10.2010;85,4;
30.10.2010;67,6;
31.10.2010;58,7;
01.11.2010;55,0;
02.11.2010;57,0;
03.11.2010;52,8;
04.11.2010;49,0;
05.11.2010;43,1;
06.11.2010;38,9;
07.11.2010;35,9;
08.11.2010;43,6;
09.11.2010;205;
10.11.2010;265;
11.11.2010;286;
12.11.2010;183;
13.11.2010;117;
14.11.2010;86,3;
15.11.2010;68,1;
16.11.2010;58,1;
17.11.2010;66,6;
18.11.2010;79,4;
19.11.2010;121;
20.11.2010;179;
21.11.2010;112;
22.11.2010;286;
23.11.2010;310;
24.11.2010;170;
25.11.2010;115;
26.11.2010;88,9;
27.11.2010;74,5;
28.11.2010;64,4;
29.11.2010;67,1;
30.11.2010;83,4;
01.12.2010;86,9;
02.12.2010;112;
03.12.2010;171;
04.12.2010;128;
05.12.2010;99,0;
06.12.2010;87,9;
07.12.2010;434;
08.12.2010;769;
09.12.2010;870;
10.12.2010;645;
11.12.2010;327;
12.12.2010;228;
13.12.2010;173;
14.12.2010;128;
15.12.2010;95,6;
16.12.2010;76,5;
17.12.2010;65,1;
18.12.2010;59,4;
19.12.2010;51,4;
20.12.2010;46,2;
21.12.2010;48,7;
22.12.2010;97,3;
23.12.2010;262;
24.12.2010;257;
25.12.2010;384;
26.12.2010;243;
27.12.2010;156;
28.12.2010;114;
29.12.2010;92,8;
30.12.2010;76,2;
31.12.2010;65,2;
01.01.2011;57,7;
02.01.2011;52,5;
03.01.2011;47,7;
04.01.2011;42,9;
05.01.2011;39,5;
06.01.2011;37,1;
07.01.2011;44,2;
08.01.2011;177;
09.01.2011;210;
10.01.2011;146;
11.01.2011;107;
12.01.2011;119;
13.01.2011;98,1;
14.01.2011;79,9;
15.01.2011;67,7;
16.01.2011;58,1;
17.01.2011;51,3;
18.01.2011;46,7;
19.01.2011;43,0;
20.01.2011;44,2;
21.01.2011;44,0;
22.01.2011;41,3;
23.01.2011;39,1;
24.01.2011;37,0;
25.01.2011;34,6;
26.01.2011;33,4;
27.01.2011;32,2;
28.01.2011;30,6;
29.01.2011;29,0;
30.01.2011;27,8;
31.01.2011;26,8;
01.02.2011;25,3;
02.02.2011;24,2;
03.02.2011;23,1;
04.02.2011;22,4;
05.02.2011;21,6;
06.02.2011;21,8;
07.02.2011;25,0;
08.02.2011;35,1;
09.02.2011;38,3;
10.02.2011;35,0;
11.02.2011;30,9;
12.02.2011;28,5;
13.02.2011;28,2;
14.02.2011;30,4;
15.02.2011;43,0;
16.02.2011;37,2;
17.02.2011;38,6;
18.02.2011;52,2;
19.02.2011;53,1;
20.02.2011;53,2;
21.02.2011;49,9;
22.02.2011;44,6;
23.02.2011;39,6;
24.02.2011;34,5;
25.02.2011;30,8;
26.02.2011;28,7;
27.02.2011;27,4;
28.02.2011;26,3;
01.03.2011;24,4;
02.03.2011;22,8;
03.03.2011;22,2;
04.03.2011;21,2;
05.03.2011;20,4;
06.03.2011;20,2;
07.03.2011;19,6;
08.03.2011;18,6;
09.03.2011;18,1;
10.03.2011;18,1;
11.03.2011;18,4;
12.03.2011;20,7;
13.03.2011;24,6;
14.03.2011;47,2;
15.03.2011;148;
16.03.2011;110;
17.03.2011;421;
18.03.2011;317;
19.03.2011;158;
20.03.2011;103;
21.03.2011;76,4;
22.03.2011;60,7;
23.03.2011;51,2;
24.03.2011;45,0;
25.03.2011;40,5;
26.03.2011;37,9;
27.03.2011;35,9;
28.03.2011;33,8;
29.03.2011;46,8;
30.03.2011;51,8;
31.03.2011;43,9;
01.04.2011;37,4;
02.04.2011;32,9;
03.04.2011;30,6;
04.04.2011;29,4;
05.04.2011;43,7;
06.04.2011;51,5;
07.04.2011;42,3;
08.04.2011;37,4;
09.04.2011;33,7;
10.04.2011;30,4;
11.04.2011;27,6;
12.04.2011;25,8;
13.04.2011;36,7;
14.04.2011;54,5;
15.04.2011;44,5;
16.04.2011;37,2;
17.04.2011;32,6;
18.04.2011;29,4;
19.04.2011;27,0;
20.04.2011;25,1;
21.04.2011;23,4;
22.04.2011;22,0;
23.04.2011;20,8;
24.04.2011;20,0;
25.04.2011;19,0;
26.04.2011;20,6;
27.04.2011;22,8;
28.04.2011;20,6;
29.04.2011;20,3;
30.04.2011;22,8;
01.05.2011;25,0;
02.05.2011;26,6;
03.05.2011;22,7;
04.05.2011;27,1;
05.05.2011;28,1;
06.05.2011;23,1;
07.05.2011;20,5;
08.05.2011;19,0;
09.05.2011;18,1;
10.05.2011;17,2;
11.05.2011;16,1;
12.05.2011;15,6;
13.05.2011;15,4;
14.05.2011;14,6;
15.05.2011;15,0;
16.05.2011;52,6;
17.05.2011;60,6;
18.05.2011;37,0;
19.05.2011;27,7;
20.05.2011;23,2;
21.05.2011;21,2;
22.05.2011;22,6;
23.05.2011;25,0;
24.05.2011;21,4;
25.05.2011;19,0;
26.05.2011;17,3;
27.05.2011;16,2;
28.05.2011;26,0;
29.05.2011;90,5;
30.05.2011;47,5;
31.05.2011;31,8;
01.06.2011;25,7;
02.06.2011;62,9;
03.06.2011;85,3;
04.06.2011;51,6;
05.06.2011;40,3;
06.06.2011;47,1;
07.06.2011;41,3;
08.06.2011;112;
09.06.2011;124;
10.06.2011;103;
11.06.2011;88,5;
12.06.2011;60,9;
13.06.2011;45,6;
14.06.2011;38,7;
15.06.2011;33,7;
16.06.2011;29,5;
17.06.2011;26,6;
18.06.2011;24,1;
19.06.2011;43,5;
20.06.2011;61,9;
21.06.2011;40,8;
22.06.2011;28,2;
23.06.2011;21,4;
24.06.2011;20,3;
25.06.2011;19,6;
26.06.2011;19,0;
27.06.2011;18,3;
28.06.2011;17,7;
29.06.2011;17,4;
30.06.2011;19,1;
01.07.2011;25,0;
02.07.2011;18,2;
03.07.2011;16,4;
04.07.2011;15,6;
05.07.2011;15,4;
06.07.2011;16,2;
07.07.2011;16,4;
08.07.2011;15,0;
09.07.2011;14,2;
10.07.2011;13,8;
11.07.2011;13,6;
12.07.2011;14,4;
13.07.2011;14,5;
14.07.2011;14,8;
15.07.2011;13,0;
16.07.2011;12,5;
17.07.2011;12,2;
18.07.2011;12,2;
19.07.2011;12,2;
20.07.2011;12,2;
21.07.2011;12,1;
22.07.2011;12,0;
23.07.2011;12,3;
24.07.2011;18,4;
25.07.2011;46,3;
26.07.2011;39,5;
27.07.2011;24,0;
28.07.2011;24,4;
29.07.2011;48,6;
30.07.2011;34,3;
31.07.2011;26,7;
01.08.2011;23,5;
02.08.2011;20,1;
03.08.2011;17,4;
04.08.2011;16,1;
05.08.2011;17,0;
06.08.2011;17,8;
07.08.2011;15,5;
08.08.2011;14,5;
09.08.2011;15,4;
10.08.2011;17,5;
11.08.2011;16,0;
12.08.2011;14,3;
13.08.2011;13,7;
14.08.2011;13,2;
15.08.2011;12,7;
16.08.2011;12,4;
17.08.2011;12,0;
18.08.2011;11,6;
19.08.2011;11,2;
20.08.2011;11,1;
21.08.2011;10,7;
22.08.2011;10,6;
23.08.2011;10,6;
24.08.2011;10,4;
25.08.2011;10,2;
26.08.2011;10,2;
27.08.2011;10,0;
28.08.2011;9,69;
29.08.2011;9,81;
30.08.2011;9,75;
31.08.2011;9,73;
01.09.2011;9,71;
02.09.2011;9,81;
03.09.2011;11,9;
04.09.2011;10,5;
05.09.2011;9,97;
06.09.2011;10,2;
07.09.2011;11,2;
08.09.2011;11,4;
09.09.2011;10,6;
10.09.2011;10,1;
11.09.2011;9,52;
12.09.2011;9,34;
13.09.2011;8,72;
14.09.2011;8,19;
15.09.2011;7,67;
16.09.2011;7,15;
17.09.2011;7,02;
18.09.2011;7,15;
19.09.2011;7,69;
20.09.2011;69,7;
21.09.2011;33,4;
22.09.2011;19,0;
23.09.2011;14,1;
24.09.2011;11,8;
25.09.2011;10,6;
26.09.2011;9,89;
27.09.2011;9,28;
28.09.2011;8,94;
29.09.2011;8,74;
30.09.2011;8,36;
01.10.2011;8,17;
02.10.2011;7,81;
03.10.2011;7,74;
04.10.2011;7,61;
05.10.2011;7,59;
06.10.2011;7,62;
07.10.2011;8,73;
08.10.2011;11,8;
09.10.2011;15,4;
10.10.2011;17,9;
11.10.2011;14,2;
12.10.2011;12,6;
13.10.2011;11,9;
14.10.2011;11,0;
15.10.2011;10,0;
16.10.2011;9,56;
17.10.2011;9,16;
18.10.2011;8,79;
19.10.2011;8,69;
20.10.2011;11,1;
21.10.2011;57,1;
22.10.2011;63,5;
23.10.2011;49,7;
24.10.2011;39,8;
25.10.2011;36,8;
26.10.2011;62,0;
27.10.2011;217;
28.10.2011;144;
29.10.2011;76,2;
30.10.2011;51,0;
31.10.2011;37,4;
01.11.2011;28,8;
02.11.2011;23,7;
03.11.2011;20,2;
04.11.2011;18,4;
05.11.2011;16,9;
06.11.2011;16,1;
07.11.2011;15,7;
08.11.2011;15,1;
09.11.2011;15,7;
10.11.2011;15,8;
11.11.2011;14,8;
12.11.2011;14,1;
13.11.2011;13,3;
14.11.2011;12,7;
15.11.2011;12,3;
16.11.2011;12,0;
17.11.2011;11,6;
18.11.2011;11,3;
19.11.2011;11,0;
20.11.2011;10,6;
21.11.2011;10,5;
22.11.2011;10,2;
23.11.2011;10,1;
24.11.2011;9,93;
25.11.2011;9,66;
26.11.2011;9,31;
27.11.2011;9,24;
28.11.2011;9,24;
29.11.2011;9,20;
30.11.2011;8,89;
01.12.2011;8,79;
02.12.2011;8,78;
03.12.2011;8,79;
04.12.2011;54,6;
05.12.2011;68,9;
06.12.2011;163;
07.12.2011;96,4;
08.12.2011;55,0;
09.12.2011;37,3;
10.12.2011;28,5;
11.12.2011;29,1;
12.12.2011;25,8;
13.12.2011;62,7;
14.12.2011;78,4;
15.12.2011;105;
16.12.2011;141;
17.12.2011;418;
18.12.2011;314;
19.12.2011;152;
20.12.2011;101;
21.12.2011;68,6;
22.12.2011;52,5;
23.12.2011;42,9;
24.12.2011;36,8;
25.12.2011;32,6;
26.12.2011;29,4;
27.12.2011;27,8;
28.12.2011;27,3;
29.12.2011;28,2;
30.12.2011;28,3;
31.12.2011;27,1;
01.01.2012;24,8;
02.01.2012;23,2;
03.01.2012;75,0;
04.01.2012;165;
05.01.2012;114;
06.01.2012;83,4;
07.01.2012;62,6;
08.01.2012;48,9;
09.01.2012;40,7;
10.01.2012;33,9;
11.01.2012;29,3;
12.01.2012;26,0;
13.01.2012;24,1;
14.01.2012;22,9;
15.01.2012;21,3;
16.01.2012;19,8;
17.01.2012;18,4;
18.01.2012;17,3;
19.01.2012;16,5;
20.01.2012;16,0;
21.01.2012;16,5;
22.01.2012;16,5;
23.01.2012;15,7;
24.01.2012;16,6;
25.01.2012;17,5;
26.01.2012;16,8;
27.01.2012;16,1;
28.01.2012;15,5;
29.01.2012;14,9;
30.01.2012;14,4;
31.01.2012;14,1;
01.02.2012;13,7;
02.02.2012;13,4;
03.02.2012;12,3;
04.02.2012;11,5;
05.02.2012;11,1;
06.02.2012;11,2;
07.02.2012;11,9;
08.02.2012;11,8;
09.02.2012;11,6;
10.02.2012;11,0;
11.02.2012;11,6;
12.02.2012;11,6;
13.02.2012;11,3;
14.02.2012;10,9;
15.02.2012;10,8;
16.02.2012;10,9;
17.02.2012;10,7;
18.02.2012;10,6;
19.02.2012;10,6;
20.02.2012;15,1;
21.02.2012;26,1;
22.02.2012;24,0;
23.02.2012;24,3;
24.02.2012;26,6;
25.02.2012;58,5;
26.02.2012;93,2;
27.02.2012;87,9;
28.02.2012;62,3;
29.02.2012;48,4;
01.03.2012;57,9;
02.03.2012;68,1;
03.03.2012;71,4;
04.03.2012;63,4;
05.03.2012;51,0;
06.03.2012;40,8;
07.03.2012;33,3;
08.03.2012;28,3;
09.03.2012;25,4;
10.03.2012;22,1;
11.03.2012;20,6;
12.03.2012;20,2;
13.03.2012;19,5;
14.03.2012;18,9;
15.03.2012;19,6;
16.03.2012;19,5;
17.03.2012;19,4;
18.03.2012;20,0;
19.03.2012;20,7;
20.03.2012;22,2;
21.03.2012;21,3;
22.03.2012;19,2;
23.03.2012;18,0;
24.03.2012;17,3;
25.03.2012;16,5;
26.03.2012;15,7;
27.03.2012;14,9;
28.03.2012;14,4;
29.03.2012;13,7;
30.03.2012;13,3;
31.03.2012;13,2;
01.04.2012;12,9;
02.04.2012;12,6;
03.04.2012;12,0;
04.04.2012;11,7;
05.04.2012;18,9;
06.04.2012;24,9;
07.04.2012;25,5;
08.04.2012;47,8;
09.04.2012;85,1;
10.04.2012;54,8;
11.04.2012;42,6;
12.04.2012;45,5;
13.04.2012;63,9;
14.04.2012;51,7;
15.04.2012;49,8;
16.04.2012;69,9;
17.04.2012;69,6;
18.04.2012;56,8;
19.04.2012;45,5;
20.04.2012;38,1;
21.04.2012;36,1;
22.04.2012;42,2;
23.04.2012;64,6;
24.04.2012;61,6;
25.04.2012;72,5;
26.04.2012;60,7;
27.04.2012;45,4;
28.04.2012;36,1;
29.04.2012;29,3;
30.04.2012;25,5;
01.05.2012;23,1;
02.05.2012;21,1;
03.05.2012;19,7;
04.05.2012;18,2;
05.05.2012;17,1;
06.05.2012;16,3;
07.05.2012;24,0;
08.05.2012;139;
09.05.2012;69,6;
10.05.2012;46,2;
11.05.2012;33,0;
12.05.2012;26,7;
13.05.2012;61,9;
14.05.2012;137;
15.05.2012;84,2;
16.05.2012;61,7;
17.05.2012;118;
18.05.2012;101;
19.05.2012;69,6;
20.05.2012;51,9;
21.05.2012;42,1;
22.05.2012;38,2;
23.05.2012;38,0;
24.05.2012;140;
25.05.2012;100;
26.05.2012;63,6;
27.05.2012;48,1;
28.05.2012;39,3;
29.05.2012;33,0;
30.05.2012;28,3;
31.05.2012;24,8;
01.06.2012;23,1;
02.06.2012;22,6;
03.06.2012;21,9;
04.06.2012;20,6;
05.06.2012;38,6;
06.06.2012;34,3;
07.06.2012;24,1;
08.06.2012;20,3;
09.06.2012;18,3;
10.06.2012;18,1;
11.06.2012;17,6;
12.06.2012;35,6;
13.06.2012;179;
14.06.2012;109;
15.06.2012;68,4;
16.06.2012;44,7;
17.06.2012;33,5;
18.06.2012;27,2;
19.06.2012;23,4;
20.06.2012;20,9;
21.06.2012;19,0;
22.06.2012;17,5;
23.06.2012;16,2;
24.06.2012;15,3;
25.06.2012;14,5;
26.06.2012;14,2;
27.06.2012;13,4;
28.06.2012;12,8;
29.06.2012;12,4;
30.06.2012;12,0;
01.07.2012;11,6;
02.07.2012;11,3;
03.07.2012;11,1;
04.07.2012;11,7;
05.07.2012;11,0;
06.07.2012;10,6;
07.07.2012;10,9;
08.07.2012;10,9;
09.07.2012;10,1;
10.07.2012;9,75;
11.07.2012;9,85;
12.07.2012;9,83;
13.07.2012;9,56;
14.07.2012;9,16;
15.07.2012;8,91;
16.07.2012;8,74;
17.07.2012;8,47;
18.07.2012;8,35;
19.07.2012;8,15;
20.07.2012;7,96;
21.07.2012;7,94;
22.07.2012;7,98;
23.07.2012;9,30;
24.07.2012;9,05;
25.07.2012;16,6;
26.07.2012;18,2;
27.07.2012;12,8;
28.07.2012;10,2;
29.07.2012;9,30;
30.07.2012;8,76;
31.07.2012;8,40;
01.08.2012;8,14;
02.08.2012;7,94;
03.08.2012;7,79;
04.08.2012;7,67;
05.08.2012;7,54;
06.08.2012;7,47;
07.08.2012;7,15;
08.08.2012;7,13;
09.08.2012;7,02;
10.08.2012;6,94;
11.08.2012;6,83;
12.08.2012;6,76;
13.08.2012;6,89;
14.08.2012;6,94;
15.08.2012;6,78;
16.08.2012;7,02;
17.08.2012;7,18;
18.08.2012;7,55;
19.08.2012;7,76;
20.08.2012;7,03;
21.08.2012;6,76;
22.08.2012;6,73;
23.08.2012;6,67;
24.08.2012;6,52;
25.08.2012;6,46;
26.08.2012;7,01;
27.08.2012;8,79;
28.08.2012;10,7;
29.08.2012;9,40;
30.08.2012;7,85;
31.08.2012;7,23;
01.09.2012;9,92;
02.09.2012;36,1;
03.09.2012;42,1;
04.09.2012;24,3;
05.09.2012;16,6;
06.09.2012;15,9;
07.09.2012;17,5;
08.09.2012;15,3;
09.09.2012;12,6;
10.09.2012;11,1;
11.09.2012;10,2;
12.09.2012;9,64;
13.09.2012;220;
14.09.2012;373;
15.09.2012;125;
16.09.2012;63,0;
17.09.2012;37,0;
18.09.2012;26,5;
19.09.2012;22,1;
20.09.2012;406;
21.09.2012;291;
22.09.2012;99,1;
23.09.2012;59,7;
24.09.2012;41,2;
25.09.2012;59,7;
26.09.2012;69,8;
27.09.2012;49,5;
28.09.2012;44,2;
29.09.2012;67,7;
30.09.2012;54,8;
01.10.2012;41,2;
02.10.2012;144;
03.10.2012;130;
04.10.2012;70,0;
05.10.2012;48,1;
06.10.2012;35,9;
07.10.2012;29,2;
08.10.2012;25,5;
09.10.2012;22,1;
10.10.2012;20,1;
11.10.2012;19,5;
12.10.2012;20,0;
13.10.2012;19,4;
14.10.2012;25,9;
15.10.2012;46,8;
16.10.2012;325;
17.10.2012;378;
18.10.2012;139;
19.10.2012;84,7;
20.10.2012;60,3;
21.10.2012;46,2;
22.10.2012;36,9;
23.10.2012;30,9;
24.10.2012;27,1;
25.10.2012;24,4;
26.10.2012;22,6;
27.10.2012;150;
28.10.2012;641;
29.10.2012;446;
30.10.2012;224;
31.10.2012;177;
01.11.2012;332;
02.11.2012;608;
03.11.2012;332;
04.11.2012;197;
05.11.2012;305;
06.11.2012;516;
07.11.2012;282;
08.11.2012;195;
09.11.2012;140;
10.11.2012;102;
11.11.2012;80,9;
12.11.2012;146;
13.11.2012;238;
14.11.2012;162;
15.11.2012;115;
16.11.2012;89,0;
17.11.2012;72,8;
18.11.2012;62,4;
19.11.2012;56,9;
20.11.2012;57,8;
21.11.2012;54,7;
22.11.2012;52,8;
23.11.2012;48,1;
24.11.2012;44,0;
25.11.2012;40,7;
26.11.2012;38,0;
27.11.2012;35,6;
28.11.2012;39,1;
29.11.2012;242;
30.11.2012;619;
01.12.2012;414;
02.12.2012;204;
03.12.2012;142;
04.12.2012;114;
05.12.2012;175;
06.12.2012;151;
07.12.2012;113;
08.12.2012;95,3;
09.12.2012;78,2;
10.12.2012;68,3;
11.12.2012;63,4;
12.12.2012;57,9;
13.12.2012;54,0;
14.12.2012;51,8;
15.12.2012;193;
16.12.2012;674;
17.12.2012;358;
18.12.2012;229;
19.12.2012;180;
20.12.2012;146;
21.12.2012;110;
22.12.2012;86,5;
23.12.2012;71,5;
24.12.2012;62,3;
25.12.2012;72,9;
26.12.2012;116;
27.12.2012;268;
28.12.2012;184;
29.12.2012;135;
30.12.2012;101;
31.12.2012;80,0;
01.01.2013;67,2;
02.01.2013;58,8;
03.01.2013;51,1;
04.01.2013;45,8;
05.01.2013;43,3;
06.01.2013;41,5;
07.01.2013;39,7;
08.01.2013;36,4;
09.01.2013;33,8;
10.01.2013;32,3;
11.01.2013;31,2;
12.01.2013;29,5;
13.01.2013;28,1;
14.01.2013;31,1;
15.01.2013;28,1;
16.01.2013;26,6;
17.01.2013;26,8;
18.01.2013;27,1;
19.01.2013;25,8;
20.01.2013;26,3;
21.01.2013;355;
22.01.2013;604;
23.01.2013;316;
24.01.2013;186;
25.01.2013;139;
26.01.2013;106;
27.01.2013;87,5;
28.01.2013;75,9;
29.01.2013;67,5;
30.01.2013;64,3;
31.01.2013;73,6;
01.02.2013;102;
02.02.2013;246;
03.02.2013;529;
04.02.2013;265;
05.02.2013;165;
06.02.2013;181;
07.02.2013;253;
08.02.2013;156;
09.02.2013;115;
10.02.2013;91,6;
11.02.2013;77,4;
12.02.2013;70,7;
13.02.2013;63,0;
14.02.2013;56,6;
15.02.2013;51,6;
16.02.2013;49,0;
17.02.2013;47,4;
18.02.2013;46,7;
19.02.2013;46,4;
20.02.2013;47,2;
21.02.2013;47,1;
22.02.2013;46,6;
23.02.2013;46,6;
24.02.2013;46,4;
25.02.2013;43,7;
26.02.2013;44,8;
27.02.2013;53,9;
28.02.2013;66,7;
01.03.2013;69,8;
02.03.2013;85,6;
03.03.2013;91,8;
04.03.2013;85,0;
05.03.2013;78,5;
06.03.2013;75,7;
07.03.2013;166;
08.03.2013;408;
09.03.2013;475;
10.03.2013;453;
11.03.2013;447;
12.03.2013;338;
13.03.2013;312;
14.03.2013;335;
15.03.2013;257;
16.03.2013;161;
17.03.2013;122;
18.03.2013;112;
19.03.2013;515;
20.03.2013;415;
21.03.2013;319;
22.03.2013;317;
23.03.2013;202;
24.03.2013;146;
25.03.2013;114;
26.03.2013;93,6;
27.03.2013;78,0;
28.03.2013;68,5;
29.03.2013;85,7;
30.03.2013;457;
31.03.2013;577;
01.04.2013;472;
02.04.2013;275;
03.04.2013;215;
04.04.2013;156;
05.04.2013;143;
06.04.2013;209;
07.04.2013;192;
08.04.2013;152;
09.04.2013;132;
10.04.2013;171;
11.04.2013;246;
12.04.2013;209;
13.04.2013;246;
14.04.2013;200;
15.04.2013;170;
16.04.2013;161;
17.04.2013;128;
18.04.2013;123;
19.04.2013;126;
20.04.2013;116;
21.04.2013;98,9;
22.04.2013;93,6;
23.04.2013;88,4;
24.04.2013;77,5;
25.04.2013;70,0;
26.04.2013;67,0;
27.04.2013;64,8;
28.04.2013;67,1;
29.04.2013;86,4;
30.04.2013;68,9;
01.05.2013;60,7;
02.05.2013;54,4;
03.05.2013;48,8;
04.05.2013;43,4;
05.05.2013;40,4;
06.05.2013;44,2;
07.05.2013;112;
08.05.2013;117;
09.05.2013;78,8;
10.05.2013;60,1;
11.05.2013;55,4;
12.05.2013;218;
13.05.2013;191;
14.05.2013;105;
15.05.2013;75,3;
16.05.2013;60,3;
17.05.2013;53,5;
18.05.2013;95,4;
19.05.2013;79,5;
20.05.2013;60,7;
21.05.2013;49,3;
22.05.2013;43,3;
23.05.2013;39,6;
24.05.2013;36,6;
25.05.2013;42,1;
26.05.2013;93,0;
27.05.2013;154;
28.05.2013;104;
29.05.2013;73,8;
30.05.2013;61,1;
31.05.2013;58,2;
01.06.2013;73,4;
02.06.2013;83,4;
03.06.2013;63,8;
04.06.2013;54,2;
05.06.2013;46,6;
06.06.2013;44,2;
07.06.2013;45,0;
08.06.2013;41,9;
09.06.2013;37,5;
10.06.2013;34,1;
11.06.2013;32,0;
12.06.2013;31,3;
13.06.2013;27,6;
14.06.2013;25,3;
15.06.2013;23,8;
16.06.2013;22,3;
17.06.2013;21,1;
18.06.2013;20,0;
19.06.2013;19,2;
20.06.2013;18,6;
21.06.2013;17,5;
22.06.2013;16,8;
23.06.2013;16,6;
24.06.2013;17,5;
25.06.2013;19,9;
26.06.2013;19,4;
27.06.2013;17,0;
28.06.2013;16,0;
29.06.2013;15,6;
30.06.2013;15,0;
01.07.2013;14,7;
02.07.2013;14,3;
03.07.2013;13,9;
04.07.2013;13,8;
05.07.2013;13,4;
06.07.2013;13,3;
07.07.2013;13,8;
08.07.2013;18,3;
09.07.2013;18,2;
10.07.2013;15,7;
11.07.2013;14,4;
12.07.2013;13,9;
13.07.2013;15,5;
14.07.2013;14,0;
15.07.2013;13,2;
16.07.2013;12,8;
17.07.2013;12,4;
18.07.2013;11,8;
19.07.2013;11,6;
20.07.2013;11,4;
21.07.2013;11,1;
22.07.2013;11,0;
23.07.2013;10,6;
24.07.2013;10,6;
25.07.2013;10,6;
26.07.2013;10,5;
27.07.2013;10,2;
28.07.2013;10,0;
29.07.2013;9,73;
30.07.2013;9,43;
31.07.2013;9,30;
01.08.2013;9,43;
02.08.2013;9,24;
03.08.2013;9,15;
04.08.2013;9,02;
05.08.2013;8,81;
06.08.2013;8,79;
07.08.2013;8,79;
08.08.2013;8,65;
09.08.2013;8,44;
10.08.2013;8,56;
11.08.2013;8,53;
12.08.2013;8,38;
13.08.2013;8,38;
14.08.2013;8,31;
15.08.2013;8,33;
16.08.2013;8,28;
17.08.2013;8,08;
18.08.2013;8,00;
19.08.2013;8,01;
20.08.2013;8,05;
21.08.2013;7,98;
22.08.2013;7,79;
23.08.2013;7,94;
24.08.2013;8,50;
25.08.2013;10,1;
26.08.2013;13,9;
27.08.2013;31,4;
28.08.2013;18,8;
29.08.2013;22,5;
30.08.2013;20,6;
31.08.2013;14,0;
01.09.2013;11,7;
02.09.2013;10,6;
03.09.2013;10,1;
04.09.2013;9,56;
05.09.2013;9,15;
06.09.2013;8,85;
07.09.2013;8,67;
08.09.2013;8,36;
09.09.2013;8,74;
10.09.2013;56,0;
11.09.2013;105;
12.09.2013;162;
13.09.2013;81,3;
14.09.2013;47,4;
15.09.2013;30,1;
16.09.2013;22,2;
17.09.2013;52,8;
18.09.2013;210;
19.09.2013;82,2;
20.09.2013;46,4;
21.09.2013;32,8;
22.09.2013;25,2;
23.09.2013;20,8;
24.09.2013;17,9;
25.09.2013;16,4;
26.09.2013;15,2;
27.09.2013;14,1;
28.09.2013;13,3;
29.09.2013;17,0;
30.09.2013;312;
01.10.2013;155;
02.10.2013;91,1;
03.10.2013;58,2;
04.10.2013;39,9;
05.10.2013;31,1;
06.10.2013;26,4;
07.10.2013;23,7;
08.10.2013;22,0;
09.10.2013;20,9;
10.10.2013;20,7;
11.10.2013;81,4;
12.10.2013;186;
13.10.2013;184;
14.10.2013;112;
15.10.2013;71,5;
16.10.2013;53,1;
17.10.2013;42,9;
18.10.2013;34,6;
19.10.2013;29,3;
20.10.2013;25,7;
21.10.2013;25,2;
22.10.2013;64,3;
23.10.2013;50,3;
24.10.2013;44,2;
25.10.2013;38,2;
26.10.2013;31,8;
27.10.2013;26,0;
28.10.2013;22,5;
29.10.2013;21,9;
30.10.2013;22,7;
31.10.2013;21,4;
01.11.2013;19,4;
02.11.2013;18,1;
03.11.2013;33,6;
04.11.2013;168;
05.11.2013;205;
06.11.2013;312;
07.11.2013;145;
08.11.2013;87,9;
09.11.2013;66,0;
10.11.2013;262;
11.11.2013;642;
12.11.2013;612;
13.11.2013;311;
14.11.2013;186;
15.11.2013;138;
16.11.2013;115;
17.11.2013;101;
18.11.2013;79,9;
19.11.2013;67,6;
20.11.2013;148;
21.11.2013;417;
22.11.2013;260;
23.11.2013;367;
24.11.2013;524;
25.11.2013;271;
26.11.2013;151;
27.11.2013;107;
28.11.2013;83,7;
29.11.2013;68,4;
30.11.2013;59,3;
01.12.2013;52,0;
02.12.2013;45,4;
03.12.2013;40,6;
04.12.2013;36,7;
05.12.2013;34,0;
06.12.2013;31,9;
07.12.2013;30,0;
08.12.2013;27,5;
09.12.2013;25,4;
10.12.2013;24,3;
11.12.2013;22,7;
12.12.2013;21,6;
13.12.2013;21,1;
14.12.2013;20,8;
15.12.2013;19,9;
16.12.2013;19,0;
17.12.2013;18,1;
18.12.2013;17,6;
19.12.2013;17,4;
20.12.2013;17,3;
21.12.2013;16,8;
22.12.2013;16,2;
23.12.2013;16,4;
24.12.2013;17,5;
25.12.2013;17,9;
26.12.2013;18,6;
27.12.2013;81,8;
28.12.2013;110;
29.12.2013;71,7;
30.12.2013;69,5;
31.12.2013;92,3;
01.01.2014;71,8;
02.01.2014;60,1;
03.01.2014;77,4;
04.01.2014;112;
05.01.2014;153;
06.01.2014;202;
07.01.2014;141;
08.01.2014;98,3;
09.01.2014;75,3;
10.01.2014;62,3;
11.01.2014;52,0;
12.01.2014;45,3;
13.01.2014;40,1;
14.01.2014;36,5;
15.01.2014;89,7;
16.01.2014;86,3;
17.01.2014;63,3;
18.01.2014;228;
19.01.2014;287;
20.01.2014;297;
21.01.2014;262;
22.01.2014;189;
23.01.2014;138;
24.01.2014;115;
25.01.2014;109;
26.01.2014;94,2;
27.01.2014;82,0;
28.01.2014;74,0;
29.01.2014;66,8;
30.01.2014;59,8;
31.01.2014;56,7;
01.02.2014;90,6;
02.02.2014;122;
03.02.2014;121;
04.02.2014;98,1;
05.02.2014;88,2;
06.02.2014;134;
07.02.2014;148;
08.02.2014;338;
09.02.2014;487;
10.02.2014;505;
11.02.2014;465;
12.02.2014;746;
13.02.2014;498;
14.02.2014;380;
15.02.2014;349;
16.02.2014;236;
17.02.2014;268;
18.02.2014;545;
19.02.2014;321;
20.02.2014;314;
21.02.2014;276;
22.02.2014;211;
23.02.2014;319;
24.02.2014;208;
25.02.2014;152;
26.02.2014;120;
27.02.2014;100;
28.02.2014;102;
01.03.2014;89,7;
02.03.2014;81,7;
03.03.2014;84,6;
04.03.2014;83,4;
05.03.2014;75,3;
06.03.2014;71,4;
07.03.2014;66,0;
08.03.2014;61,3;
09.03.2014;55,3;
10.03.2014;50,9;
11.03.2014;47,8;
12.03.2014;44,2;
13.03.2014;40,8;
14.03.2014;38,7;
15.03.2014;37,4;
16.03.2014;36,6;
17.03.2014;34,9;
18.03.2014;33,6;
19.03.2014;32,8;
20.03.2014;31,6;
21.03.2014;29,3;
22.03.2014;27,2;
23.03.2014;34,3;
24.03.2014;85,1;
25.03.2014;70,0;
26.03.2014;64,8;
27.03.2014;53,7;
28.03.2014;48,3;
29.03.2014;56,3;
30.03.2014;46,6;
31.03.2014;41,4;
01.04.2014;37,3;
02.04.2014;33,2;
03.04.2014;30,1;
04.04.2014;28,0;
05.04.2014;27,0;
06.04.2014;27,8;
07.04.2014;29,5;
08.04.2014;27,4;
09.04.2014;42,0;
10.04.2014;115;
11.04.2014;68,3;
12.04.2014;50,1;
13.04.2014;41,7;
14.04.2014;36,3;
15.04.2014;50,8;
16.04.2014;74,2;
17.04.2014;55,6;
18.04.2014;45,5;
19.04.2014;40,1;
20.04.2014;43,0;
21.04.2014;63,5;
22.04.2014;191;
23.04.2014;146;
24.04.2014;159;
25.04.2014;218;
26.04.2014;129;
27.04.2014;112;
28.04.2014;206;
29.04.2014;347;
30.04.2014;232;
01.05.2014;152;
02.05.2014;114;
03.05.2014;153;
04.05.2014;372;
05.05.2014;232;
06.05.2014;132;
07.05.2014;90,9;
08.05.2014;72,2;
09.05.2014;60,0;
10.05.2014;52,1;
11.05.2014;46,1;
12.05.2014;87,9;
13.05.2014;109;
14.05.2014;153;
15.05.2014;101;
16.05.2014;77,8;
17.05.2014;69,5;
18.05.2014;61,4;
19.05.2014;53,0;
20.05.2014;46,2;
21.05.2014;40,9;
22.05.2014;36,5;
23.05.2014;32,9;
24.05.2014;30,4;
25.05.2014;27,6;
26.05.2014;28,0;
27.05.2014;27,6;
28.05.2014;30,1;
29.05.2014;41,6;
30.05.2014;35,8;
31.05.2014;36,5;
01.06.2014;31,5;
02.06.2014;27,8;
03.06.2014;25,8;
04.06.2014;26,0;
05.06.2014;26,0;
06.06.2014;24,0;
07.06.2014;21,3;
08.06.2014;19,8;
09.06.2014;18,5;
10.06.2014;17,7;
11.06.2014;17,0;
12.06.2014;17,1;
13.06.2014;17,6;
14.06.2014;17,3;
15.06.2014;16,4;
16.06.2014;15,6;
17.06.2014;15,4;
18.06.2014;15,0;
19.06.2014;14,5;
20.06.2014;14,4;
21.06.2014;15,1;
22.06.2014;16,7;
23.06.2014;14,9;
24.06.2014;13,8;
25.06.2014;18,8;
26.06.2014;80,0;
27.06.2014;53,0;
28.06.2014;33,2;
29.06.2014;24,3;
30.06.2014;27,9;
01.07.2014;81,9;
02.07.2014;48,7;
03.07.2014;36,0;
04.07.2014;29,7;
05.07.2014;24,9;
06.07.2014;22,1;
07.07.2014;19,8;
08.07.2014;18,4;
09.07.2014;20,2;
10.07.2014;53,3;
11.07.2014;168;
12.07.2014;82,9;
13.07.2014;53,3;
14.07.2014;39,5;
15.07.2014;39,6;
16.07.2014;40,5;
17.07.2014;31,2;
18.07.2014;25,8;
19.07.2014;22,9;
20.07.2014;20,4;
21.07.2014;18,9;
22.07.2014;18,2;
23.07.2014;18,3;
24.07.2014;17,7;
25.07.2014;16,9;
26.07.2014;16,3;
27.07.2014;22,4;
28.07.2014;32,7;
29.07.2014;32,4;
30.07.2014;55,6;
31.07.2014;138;
01.08.2014;74,2;
02.08.2014;49,4;
03.08.2014;39,2;
04.08.2014;43,3;
05.08.2014;65,9;
06.08.2014;69,7;
07.08.2014;51,9;
08.08.2014;41,2;
09.08.2014;35,8;
10.08.2014;31,7;
11.08.2014;28,9;
12.08.2014;26,0;
13.08.2014;24,2;
14.08.2014;156;
15.08.2014;358;
16.08.2014;145;
17.08.2014;93,6;
18.08.2014;64,1;
19.08.2014;52,5;
20.08.2014;46,4;
21.08.2014;146;
22.08.2014;174;
23.08.2014;85,6;
24.08.2014;74,5;
25.08.2014;85,6;
26.08.2014;76,3;
27.08.2014;73,0;
28.08.2014;132;
29.08.2014;90,5;
30.08.2014;66,0;
31.08.2014;53,8;
01.09.2014;119;
02.09.2014;259;
03.09.2014;375;
04.09.2014;259;
05.09.2014;398;
06.09.2014;256;
07.09.2014;143;
08.09.2014;107;
09.09.2014;83,5;
10.09.2014;87,0;
11.09.2014;349;
12.09.2014;547;
13.09.2014;680;
14.09.2014;472;
15.09.2014;219;
16.09.2014;146;
17.09.2014;113;
18.09.2014;92,9;
19.09.2014;76,2;
20.09.2014;65,8;
21.09.2014;59,5;
22.09.2014;64,1;
23.09.2014;116;
24.09.2014;107;
25.09.2014;77,9;
26.09.2014;64,6;
27.09.2014;56,1;
28.09.2014;50,2;
29.09.2014;45,7;
30.09.2014;42,6;
01.10.2014;40,2;
02.10.2014;38,1;
03.10.2014;35,6;
04.10.2014;34,0;
05.10.2014;35,9;
06.10.2014;33,8;
07.10.2014;31,9;
08.10.2014;30,3;
09.10.2014;28,7;
10.10.2014;27,8;
11.10.2014;27,0;
12.10.2014;26,1;
13.10.2014;25,1;
14.10.2014;25,2;
15.10.2014;273;
16.10.2014;499;
17.10.2014;208;
18.10.2014;151;
19.10.2014;106;
20.10.2014;75,8;
21.10.2014;61,1;
22.10.2014;302;
23.10.2014;502;
24.10.2014;603;
25.10.2014;442;
26.10.2014;235;
27.10.2014;147;
28.10.2014;109;
29.10.2014;89,8;
30.10.2014;76,4;
31.10.2014;65,4;
01.11.2014;58,5;
02.11.2014;53,6;
03.11.2014;49,5;
04.11.2014;46,2;
05.11.2014;45,3;
06.11.2014;83,6;
07.11.2014;283;
08.11.2014;476;
09.11.2014;239;
10.11.2014;156;
11.11.2014;178;
12.11.2014;138;
13.11.2014;134;
14.11.2014;130;
15.11.2014;111;
16.11.2014;101;
17.11.2014;130;
18.11.2014;278;
19.11.2014;382;
20.11.2014;249;
21.11.2014;152;
22.11.2014;106;
23.11.2014;82,7;
24.11.2014;69,2;
25.11.2014;59,7;
26.11.2014;52,4;
27.11.2014;47,7;
28.11.2014;44,6;
29.11.2014;144;
30.11.2014;263;
01.12.2014;192;
02.12.2014;277;
03.12.2014;174;
04.12.2014;129;
05.12.2014;130;
06.12.2014;114;
07.12.2014;138;
08.12.2014;150;
09.12.2014;126;
10.12.2014;97,7;
11.12.2014;79,0;
12.12.2014;66,8;
13.12.2014;58,1;
14.12.2014;53,4;
15.12.2014;67,1;
16.12.2014;58,4;
17.12.2014;69,7;
18.12.2014;105;
19.12.2014;75,1;
20.12.2014;60,9;
21.12.2014;52,3;
22.12.2014;46,1;
23.12.2014;42,5;
24.12.2014;39,5;
25.12.2014;36,4;
26.12.2014;37,8;
27.12.2014;35,4;
28.12.2014;35,9;
29.12.2014;33,9;
30.12.2014;30,7;
31.12.2014;29,4;
